pairs	Df	SumsOfSqs	F.Model	R2	p.value	p.adjusted	sig
WT Control vs Thy1-ASO Control	1	725.8692538986006	5.626950268096316	0.286695089722775	0.0069	0.01035	.
WT Control vs Thy1-ASO F. prausnitzii	1	221.29645206300668	1.4504641721140348	0.09387835575399238	0.2464	0.2464	
Thy1-ASO Control vs Thy1-ASO F. prausnitzii	1	789.4293164853472	7.421574195031713	0.34645325910515923	0.0043	0.01035	.
