term	df	SumOfSqs	R2	statistic	p.value_PERMANOVA	Tot.variance_betadisper	Expl.variance_betadisper	p.value_betadisper
genotype_treatment	2	1157.7300149646294	0.2989006771621934	4.476480019264109	0.0029	722.6739087992668	0.09455346161757111	0.338
Residual	21	2715.563367828227	0.701099322837805	NA	NA	NA	NA	NA
Total	23	3873.2933827928628	1	NA	NA	NA	NA	NA
