term	df	SumOfSqs	R2	statistic	p.value_PERMANOVA	Tot.variance_betadisper	Expl.variance_betadisper	p.value_betadisper
genotype	1	0.23163524651633294	0.09665306361521103	2.419187976929467	0.007	0.03736599137172226	0.2279875605325896	0.017
treatment	1	0.23637129978724047	0.0986292484357961	2.468651101835499	0.005	0.03402189594475053	0.05024311898131557	0.294
Residual	21	2.010732619057165	0.8390064580659948	NA	NA	NA	NA	NA
Total	23	2.396563935505493	1	NA	NA	NA	NA	NA
