pairs	Df	SumsOfSqs	F.Model	R2	p.value	p.adjusted	sig
WT Control vs Thy1-ASO Control	1	0.23163524651633424	2.4466020102530606	0.1487603341242046	0.0035	0.0105	.
WT Control vs Thy1-ASO F. prausnitzii	1	0.11074042836891566	1.1868355243505033	0.0781489680616832	0.2499	0.2499	
Thy1-ASO Control vs Thy1-ASO F. prausnitzii	1	0.23637129978724128	2.3812413123853884	0.1453639114994906	0.0133	0.01995	.
