term	df	SumOfSqs	R2	statistic	p.value_PERMANOVA	Tot.variance_betadisper	Expl.variance_betadisper	p.value_betadisper
genotype_treatment	2	0.3858313164483258	0.16099354193400425	2.014802358260367	0.0034	0.02839194194201837	0.049731449422976	0.5906
Residual	21	2.0107326190571655	0.8390064580659952	NA	NA	NA	NA	NA
Total	23	2.3965639355054926	1	NA	NA	NA	NA	NA
