term	df	SumOfSqs	R2	statistic	p.value_PERMANOVA	Tot.variance_betadisper	Expl.variance_betadisper	p.value_betadisper
genotype_treatment	2	0.38583131644832624	0.16099354193400442	2.0148023582603694	0.007	0.028391941938780484	0.049731449428647864	0.591
Residual	21	2.010732619057165	0.8390064580659948	NA	NA	NA	NA	NA
Total	23	2.396563935505493	1	NA	NA	NA	NA	NA
