term	df	SumOfSqs	R2	statistic	p.value_PERMANOVA	Tot.variance_betadisper	Expl.variance_betadisper	p.value_betadisper
genotype	1	0.15376857411071398	0.030546210571083077	1.4956131200250324	0.0967	0.0900019226671266	0.18537024211174652	0.0024
treatment	2	0.32681807971870036	0.06492258863203478	1.5893800495826345	0.0329	0.09851443728903667	0.09178365603198763	0.1143
cohort	1	0.19245254274813028	0.03823080190294326	1.8718684853580032	0.0302	0.07026253869723466	0.006457828525421521	0.5843
Residual	43	4.42096194412231	0.8782264858271558	NA	NA	NA	NA	NA
Total	47	5.033965628989698	1	NA	NA	NA	NA	NA
