term	df	SumOfSqs	R2	statistic	p.value_PERMANOVA	Tot.variance_betadisper	Expl.variance_betadisper	p.value_betadisper
genotype	1	0.15376857411071487	0.03054621057108326	1.495613120025041	0.093	0.09000192266700932	0.18537024211265068	0.002
treatment	2	0.3268180797186977	0.06492258863203426	1.5893800495826216	0.035	0.09851443729340938	0.09178365604200144	0.123
cohort	1	0.19245254274813028	0.038230801902943264	1.8718684853580032	0.038	0.07026253869723496	0.00645782852542148	0.572
Residual	43	4.42096194412231	0.8782264858271559	NA	NA	NA	NA	NA
Total	47	5.033965628989697	1	NA	NA	NA	NA	NA
