term	df	SumOfSqs	R2	statistic	p.value_PERMANOVA	Tot.variance_betadisper	Expl.variance_betadisper	p.value_betadisper
genotype	1	0.15376857411071487	0.03054621057108326	1.4665530877675628	0.107	0.09000192266700932	0.18537024211265068	0.002
treatment	2	0.27918947187787335	0.05546113987550327	1.3313714600744266	0.1	0.09851443729340938	0.09178365604200144	0.123
Residual	44	4.613414486870443	0.9164572877300997	NA	NA	NA	NA	NA
Total	47	5.033965628989697	1	NA	NA	NA	NA	NA
