term	df	SumOfSqs	R2	statistic	p.value_PERMANOVA	Tot.variance_betadisper	Expl.variance_betadisper	p.value_betadisper
genotype	1	0.11053779355997717	0.04434677842230581	1.0447689678385739	0.383	0.051371069111709695	0.206316432074838	0.03
treatment	1	0.1835236701962124	0.07362806217969023	1.7346088546702059	0.06	0.048011858038432165	0.05617348303866197	0.259
Residual	21	2.221824859099549	0.8913763478207687	NA	NA	NA	NA	NA
Total	23	2.4925777585768936	1	NA	NA	NA	NA	NA
