term	df	SumOfSqs	R2	statistic	p.value_PERMANOVA	Tot.variance_betadisper	Expl.variance_betadisper	p.value_betadisper
genotype_treatment	2	0.2707528994773436	0.10862365217923096	1.279536248264081	0.1727	0.053036071507787955	0.14530872110282822	0.192
Residual	21	2.221824859099549	0.8913763478207687	NA	NA	NA	NA	NA
Total	23	2.4925777585768936	1	NA	NA	NA	NA	NA
